<configuration>
	<property resource="application.properties" />
	<contextName>${spring.application.name}</contextName>
	<appender  name="CONSOLE" class="ch.qos.logback.core.ConsoleAppender">
		<encoder class="net.logstash.logback.encoder.LoggingEventCompositeJsonEncoder">
			<providers>
				<contextName>
					<fieldName>applicationName</fieldName>
				</contextName>
				<arguments>
					<includeNonStructuredArguments>false</includeNonStructuredArguments>
				</arguments>
				<stackTrace>
					<fieldName>stack</fieldName>
				</stackTrace>
				<logLevel>
					<fieldName>level</fieldName>
				</logLevel>
   				<message>
					<fieldName>message</fieldName>
				</message>
				<timestamp>
					<fieldName>timestamp</fieldName>
					<timeZone>UTC</timeZone>
				</timestamp>
			</providers>
		</encoder>
	</appender>
	<root level="INFO">
		<appender-ref ref="CONSOLE" />
	</root>
</configuration>